gbifID,punto,monitoreo,n_registro,order,family,species,individualCount,establishmentMeans,eventDate,metodo,origen
3359689707,U5,M5,4,Passeriformes,Fringillidae,Spinus barbatus,2,native,2020-05-01,U,nativa
3359689706,U5,M5,2,Passeriformes,Troglodytidae,Troglodytes aedon,1,native,2020-05-01,U,nativa
3359689705,U5,M5,3,Passeriformes,Passerellidae,Zonotrichia capensis,2,native,2020-05-01,U,nativa
3359689704,E1,M6,3,Falconiformes,Falconidae,Milvago chimango,1,native,2020-06-01,E,nativa
3359689703,U5,M5,1,Accipitriformes,Accipitridae,Parabuteo unicinctus,1,native,2020-05-01,U,nativa
3359689702,U8,M1,5,Passeriformes,Turdidae,Turdus falcklandii,2,native,2019-12-27,U,nativa
3359689701,U8,M1,4,Columbiformes,Columbidae,Zenaida auriculata,1,native,2019-12-27,U,nativa
3359689700,U8,M1,3,Passeriformes,Tyrannidae,Elaenia albiceps,1,native,2019-12-27,U,nativa
3359689699,U8,M1,2,Galliformes,Odontophoridae,Callipepla californica,2,introduced,2019-12-27,U,introducida
3359689698,U8,M1,1,Accipitriformes,Accipitridae,Parabuteo unicinctus,2,native,2019-12-27,U,nativa
3359689697,U3,M2,1,Passeriformes,Tyrannidae,Elaenia albiceps,2,native,2020-01-25,U,nativa
3359689696,U3,M2,2,Columbiformes,Columbidae,Columbina picui,1,native,2020-01-25,U,nativa
3359689695,E1,M6,2,Accipitriformes,Accipitridae,Geranoaetus melanoleucus,2,native,2020-06-01,E,nativa
3359689694,E1,M6,1,Columbiformes,Columbidae,Patagioenas araucana,2,native,2020-06-01,E,nativa
3359689693,E6,M5,5,Accipitriformes,Accipitridae,Geranoaetus melanoleucus,2,native,2020-05-01,E,nativa
3359689692,E3,M8,2,Passeriformes,Rhinocryptidae,Pteroptochos megapodius,1,native,2020-10-01,E,nativa
3359689691,E6,M5,2,Piciformes,Picidae,Colaptes pitius,1,native,2020-05-01,E,nativa
3359689690,E3,M8,1,Passeriformes,Rhinocryptidae,Pteroptochos megapodius,1,native,2020-10-01,E,nativa
3359689689,E6,M5,1,Piciformes,Picidae,Colaptes pitius,1,native,2020-05-01,E,nativa
3359689688,E6,M5,4,Falconiformes,Falconidae,Falco sparverius,1,native,2020-05-01,E,nativa
3359689687,E6,M5,3,Piciformes,Picidae,Colaptes pitius,1,native,2020-05-01,E,nativa
3359689686,E3,M8,4,Accipitriformes,Cathartidae,Vultur gryphus,3,native,2020-10-01,E,nativa
3359689685,E3,M8,3,Accipitriformes,Accipitridae,Geranoaetus polyosoma,1,native,2020-10-01,E,nativa
3359689684,N2,M5,1,Strigiformes,Strigidae,Glaucidium nana,2,native,2020-05-01,N,nativa
3359689683,U5,M4,5,Passeriformes,Icteridae,Curaeus curaeus,2,native,2020-03-28,U,nativa
3359689682,U5,M4,3,Columbiformes,Columbidae,Zenaida auriculata,1,native,2020-03-28,U,nativa
3359689681,U5,M4,4,Passeriformes,Turdidae,Turdus falcklandii,1,native,2020-03-28,U,nativa
3359689680,E1,M7,2,Accipitriformes,Accipitridae,Geranoaetus melanoleucus,1,native,2020-08-28,E,nativa
3359689679,U5,M4,1,Passeriformes,Icteridae,Leistes loyca,1,native,2020-03-28,U,nativa
3359689678,U5,M4,2,Piciformes,Picidae,Colaptes pitius,1,native,2020-03-28,U,nativa
3359689677,U3,M1,2,Passeriformes,Turdidae,Turdus falcklandii,1,native,2019-12-27,U,nativa
3359689676,U10,M8,6,Passeriformes,Turdidae,Turdus falcklandii,1,native,2020-10-01,U,nativa
3359689675,U10,M8,5,Columbiformes,Columbidae,Columbina picui,1,native,2020-10-01,U,nativa
3359689674,U10,M8,4,Passeriformes,Furnariidae,Leptasthenura aegithaloides,1,native,2020-10-01,U,nativa
3359689673,U10,M8,3,Charadriiformes,Charadriidae,Vanellus chilensis,2,native,2020-10-01,U,nativa
3359689672,E1,M7,1,Columbiformes,Columbidae,Zenaida auriculata,1,native,2020-08-28,E,nativa
3359689671,U3,M1,1,Passeriformes,Tyrannidae,Elaenia albiceps,2,native,2019-12-27,U,nativa
3359689670,U10,M8,2,Galliformes,Odontophoridae,Callipepla californica,1,introduced,2020-10-01,U,introducida
3359689669,U10,M8,1,Passeriformes,Icteridae,Curaeus curaeus,1,native,2020-10-01,U,nativa
3359689668,N4,M7,1,Strigiformes,Strigidae,Glaucidium nana,1,native,2020-08-28,N,nativa
3359689667,U2,M7,1,Passeriformes,Troglodytidae,Troglodytes aedon,1,native,2020-08-28,U,nativa
3359689666,U2,M7,2,Passeriformes,Tyrannidae,Pyrope pyrope,1,native,2020-08-28,U,nativa
3359689665,U5,M3,4,Columbiformes,Columbidae,Columbina picui,1,native,2020-02-29,U,nativa
3359689664,U5,M3,5,Passeriformes,Icteridae,Curaeus curaeus,1,native,2020-02-29,U,nativa
3359689663,U5,M3,2,Passeriformes,Icteridae,Leistes loyca,1,native,2020-02-29,U,nativa
3359689662,U5,M3,3,Charadriiformes,Charadriidae,Vanellus chilensis,2,native,2020-02-29,U,nativa
3359689661,E2,M1,1,Accipitriformes,Accipitridae,Geranoaetus melanoleucus,1,native,2019-12-27,E,nativa
3359689660,U5,M3,1,Galliformes,Odontophoridae,Callipepla californica,2,introduced,2020-02-29,U,introducida
3359689659,E2,M1,2,Accipitriformes,Accipitridae,Parabuteo unicinctus,1,native,2019-12-27,E,nativa
3359689658,U9,M8,3,Passeriformes,Turdidae,Turdus falcklandii,2,native,2020-10-01,U,nativa
3359689657,U9,M8,1,Passeriformes,Troglodytidae,Troglodytes aedon,1,native,2020-10-01,U,nativa
3359689656,U3,M4,1,Passeriformes,Troglodytidae,Troglodytes aedon,2,native,2020-03-28,U,nativa
3359689655,U9,M8,2,Passeriformes,Tyrannidae,Elaenia albiceps,1,native,2020-10-01,U,nativa
3359689654,U3,M4,2,Piciformes,Picidae,Colaptes pitius,1,native,2020-03-28,U,nativa
3359689653,U3,M4,3,Columbiformes,Columbidae,Columbina picui,1,native,2020-03-28,U,nativa
3359689652,U3,M4,4,Passeriformes,Icteridae,Curaeus curaeus,1,native,2020-03-28,U,nativa
3359689651,E1,M4,2,Passeriformes,Fringillidae,Spinus barbatus,1,native,2020-03-28,E,nativa
3359689650,E1,M4,1,Passeriformes,Fringillidae,Spinus barbatus,1,native,2020-03-28,E,nativa
3359689649,E1,M4,4,Falconiformes,Falconidae,Milvago chimango,1,native,2020-03-28,E,nativa
3359689648,E1,M4,3,Accipitriformes,Accipitridae,Geranoaetus melanoleucus,2,native,2020-03-28,E,nativa
3359689647,E6,M7,4,Accipitriformes,Accipitridae,Parabuteo unicinctus,1,native,2020-08-28,E,nativa
3359689646,E6,M7,3,Accipitriformes,Accipitridae,Geranoaetus melanoleucus,2,native,2020-08-28,E,nativa
3359689645,E3,M6,2,Accipitriformes,Accipitridae,Parabuteo unicinctus,2,native,2020-06-01,E,nativa
3359689644,E6,M7,2,Columbiformes,Columbidae,Zenaida auriculata,1,native,2020-08-28,E,nativa
3359689643,E3,M6,1,Columbiformes,Columbidae,Patagioenas araucana,1,native,2020-06-01,E,nativa
3359689642,E6,M7,1,Columbiformes,Columbidae,Zenaida auriculata,1,native,2020-08-28,E,nativa
3359689641,U10,M7,3,Passeriformes,Furnariidae,Leptasthenura aegithaloides,1,native,2020-08-28,U,nativa
3359689640,U10,M7,2,Charadriiformes,Charadriidae,Vanellus chilensis,2,native,2020-08-28,U,nativa
3359689639,U10,M7,1,Passeriformes,Icteridae,Curaeus curaeus,2,native,2020-08-28,U,nativa
3359689638,N2,M7,2,Strigiformes,Tytonidae,Tyto alba,1,native,2020-08-28,N,nativa
3359689637,U2,M7,3,Apodiformes,Trochilidae,Sephanoides sephaniodes,1,native,2020-08-28,U,nativa
3359689636,U2,M7,4,Piciformes,Picidae,Colaptes pitius,2,native,2020-08-28,U,nativa
3359689635,U2,M7,5,Columbiformes,Columbidae,Patagioenas araucana,2,native,2020-08-28,U,nativa
3359689634,N2,M7,1,Strigiformes,Strigidae,Glaucidium nana,1,native,2020-08-28,N,nativa
3359689633,U2,M8,1,Passeriformes,Icteridae,Curaeus curaeus,2,native,2020-10-01,U,nativa
3359689632,U5,M2,3,Passeriformes,Turdidae,Turdus falcklandii,3,native,2020-01-25,U,nativa
3359689631,U5,M2,1,Galliformes,Odontophoridae,Callipepla californica,1,introduced,2020-01-25,U,introducida
3359689630,U5,M2,2,Columbiformes,Columbidae,Zenaida auriculata,1,native,2020-01-25,U,nativa
3359689629,U3,M3,1,Passeriformes,Troglodytidae,Troglodytes aedon,1,native,2020-02-29,U,nativa
3359689628,U3,M3,2,Apodiformes,Trochilidae,Sephanoides sephaniodes,1,native,2020-02-29,U,nativa
3359689627,U3,M3,3,Columbiformes,Columbidae,Columbina picui,1,native,2020-02-29,U,nativa
3359689626,U10,M6,8,Passeriformes,Turdidae,Turdus falcklandii,3,native,2020-06-01,U,nativa
3359689625,U10,M6,7,Charadriiformes,Charadriidae,Vanellus chilensis,2,native,2020-06-01,U,nativa
3359689624,U10,M6,6,Apodiformes,Trochilidae,Sephanoides sephaniodes,1,native,2020-06-01,U,nativa
3359689623,U10,M6,5,Columbiformes,Columbidae,Columba livia,7,introduced,2020-06-01,U,introducida
3359689622,E1,M5,1,Piciformes,Picidae,Colaptes pitius,1,native,2020-05-01,E,nativa
3359689621,E1,M5,2,Accipitriformes,Accipitridae,Geranoaetus melanoleucus,2,native,2020-05-01,E,nativa
3359689620,E3,M5,1,Piciformes,Picidae,Colaptes pitius,1,native,2020-05-01,E,nativa
3359689619,E6,M8,3,Passeriformes,Thraupidae,Rhopospina fruticeti,12,native,2020-10-01,E,nativa
3359689618,E6,M8,2,Falconiformes,Falconidae,Falco sparverius,1,native,2020-10-01,E,nativa
3359689617,E6,M8,4,Accipitriformes,Cathartidae,Vultur gryphus,2,native,2020-10-01,E,nativa
3359689616,E6,M8,1,Passeriformes,Tyrannidae,Colorhamphus parvirostris,1,native,2020-10-01,E,nativa
3359689615,E3,M5,2,Accipitriformes,Cathartidae,Vultur gryphus,1,native,2020-05-01,E,nativa
3359689614,U10,M6,4,Passeriformes,Troglodytidae,Troglodytes aedon,1,native,2020-06-01,U,nativa
3359689613,U10,M6,3,Passeriformes,Furnariidae,Pseudasthenes humicola,1,native,2020-06-01,U,nativa
3359689612,U10,M6,2,Passeriformes,Icteridae,Curaeus curaeus,10,native,2020-06-01,U,nativa
3359689611,N4,M5,2,Strigiformes,Strigidae,Glaucidium nana,1,native,2020-05-01,N,nativa
3359689610,U10,M6,1,Falconiformes,Falconidae,Milvago chimango,1,native,2020-06-01,U,nativa
3359689609,N4,M5,3,Strigiformes,Tytonidae,Tyto alba,1,native,2020-05-01,N,nativa
3359689608,N4,M5,1,Strigiformes,Strigidae,Bubo magellanicus,1,native,2020-05-01,N,nativa
3359689607,U2,M8,2,Galliformes,Odontophoridae,Callipepla californica,1,introduced,2020-10-01,U,introducida
3359689606,U2,M8,3,Passeriformes,Tyrannidae,Elaenia albiceps,1,native,2020-10-01,U,nativa
3359689605,U2,M8,4,Columbiformes,Columbidae,Zenaida auriculata,1,native,2020-10-01,U,nativa
3359689604,U2,M5,1,Passeriformes,Icteridae,Curaeus curaeus,3,native,2020-05-01,U,nativa
3359689603,U2,M5,2,Galliformes,Odontophoridae,Callipepla californica,1,introduced,2020-05-01,U,introducida
3359689602,U2,M5,3,Passeriformes,Fringillidae,Spinus barbatus,2,native,2020-05-01,U,nativa
3359689601,U2,M5,4,Piciformes,Picidae,Colaptes pitius,1,native,2020-05-01,U,nativa
3359689600,U6,M2,5,Charadriiformes,Charadriidae,Vanellus chilensis,1,native,2020-01-25,U,nativa
3359689599,U6,M2,4,Passeriformes,Icteridae,Leistes loyca,1,native,2020-01-25,U,nativa
3359689598,U6,M2,7,Columbiformes,Columbidae,Columbina picui,2,native,2020-01-25,U,nativa
3359689597,U4,M8,4,Passeriformes,Turdidae,Turdus falcklandii,1,native,2020-10-01,U,nativa
3359689596,U6,M2,6,Columbiformes,Columbidae,Zenaida auriculata,1,native,2020-01-25,U,nativa
3359689595,U10,M5,9,Columbiformes,Columbidae,Columbina picui,2,native,2020-05-01,U,nativa
3359689594,U10,M5,8,Columbiformes,Columbidae,Zenaida auriculata,4,native,2020-05-01,U,nativa
3359689593,U6,M2,8,Passeriformes,Icteridae,Curaeus curaeus,10,native,2020-01-25,U,nativa
3359689592,U10,M5,7,Charadriiformes,Charadriidae,Vanellus chilensis,3,native,2020-05-01,U,nativa
3359689591,U10,M5,6,Columbiformes,Columbidae,Columba livia,29,introduced,2020-05-01,U,introducida
3359689590,U9,M6,1,Columbiformes,Columbidae,Zenaida auriculata,1,native,2020-06-01,U,nativa
3359689589,U6,M2,1,Falconiformes,Falconidae,Falco sparverius,1,native,2020-01-25,U,nativa
3359689588,U9,M6,2,Passeriformes,Turdidae,Turdus falcklandii,1,native,2020-06-01,U,nativa
3359689587,U6,M2,3,Passeriformes,Passerellidae,Zonotrichia capensis,2,native,2020-01-25,U,nativa
3359689586,E1,M2,2,Passeriformes,Troglodytidae,Troglodytes aedon,1,native,2020-01-25,E,nativa
3359689585,U6,M2,2,Falconiformes,Falconidae,Milvago chimango,1,native,2020-01-25,U,nativa
3359689584,E1,M2,1,Accipitriformes,Accipitridae,Geranoaetus melanoleucus,2,native,2020-01-25,E,nativa
3359689583,N1,M7,1,Strigiformes,Strigidae,Glaucidium nana,3,native,2020-08-28,N,nativa
3359689582,U10,M5,5,Passeriformes,Fringillidae,Spinus barbatus,1,native,2020-05-01,U,nativa
3359689581,U10,M5,4,Passeriformes,Tyrannidae,Pyrope pyrope,1,native,2020-05-01,U,nativa
3359689580,U10,M5,3,Passeriformes,Troglodytidae,Troglodytes aedon,1,native,2020-05-01,U,nativa
3359689579,U10,M5,2,Passeriformes,Icteridae,Curaeus curaeus,6,native,2020-05-01,U,nativa
3359689578,U10,M5,1,Falconiformes,Falconidae,Milvago chimango,1,native,2020-05-01,U,nativa
3359689577,U4,M8,3,Passeriformes,Rhinocryptidae,Pteroptochos megapodius,1,native,2020-10-01,U,nativa
3359689576,U4,M8,2,Columbiformes,Columbidae,Columbina picui,1,native,2020-10-01,U,nativa
3359689575,U4,M8,1,Passeriformes,Icteridae,Curaeus curaeus,1,native,2020-10-01,U,nativa
3359689574,U5,M8,3,Columbiformes,Columbidae,Columbina picui,1,native,2020-10-01,U,nativa
3359689573,U2,M6,1,Apodiformes,Trochilidae,Sephanoides sephaniodes,1,native,2020-06-01,U,nativa
3359689572,U5,M8,1,Galliformes,Odontophoridae,Callipepla californica,1,introduced,2020-10-01,U,introducida
3359689571,U5,M8,2,Charadriiformes,Charadriidae,Vanellus chilensis,1,native,2020-10-01,U,nativa
3359689570,U9,M7,2,Passeriformes,Icteridae,Curaeus curaeus,2,native,2020-08-28,U,nativa
3359689569,U10,M4,8,Columbiformes,Columbidae,Columbina picui,1,native,2020-03-28,U,nativa
3359689568,U10,M4,7,Charadriiformes,Charadriidae,Vanellus chilensis,2,native,2020-03-28,U,nativa
3359689567,E1,M3,3,Accipitriformes,Accipitridae,Geranoaetus melanoleucus,1,native,2020-02-29,E,nativa
3359689566,E1,M3,2,Galliformes,Odontophoridae,Callipepla californica,1,introduced,2020-02-29,E,introducida
3359689565,E1,M3,4,Accipitriformes,Accipitridae,Parabuteo unicinctus,1,native,2020-02-29,E,nativa
3359689564,U9,M7,1,Columbiformes,Columbidae,Columbina picui,1,native,2020-08-28,U,nativa
3359689563,U6,M1,1,Falconiformes,Falconidae,Falco sparverius,2,native,2019-12-27,U,nativa
3359689562,E1,M3,1,Galliformes,Odontophoridae,Callipepla californica,14,introduced,2020-02-29,E,introducida
3359689561,U10,M4,6,Piciformes,Picidae,Colaptes pitius,1,native,2020-03-28,U,nativa
3359689560,U10,M4,5,Apodiformes,Trochilidae,Sephanoides sephaniodes,1,native,2020-03-28,U,nativa
3359689559,U10,M4,4,Columbiformes,Columbidae,Columba livia,30,introduced,2020-03-28,U,introducida
3359689558,U10,M4,3,Passeriformes,Troglodytidae,Troglodytes aedon,1,native,2020-03-28,U,nativa
3359689557,U10,M4,2,Passeriformes,Icteridae,Curaeus curaeus,1,native,2020-03-28,U,nativa
3359689556,U10,M4,1,Accipitriformes,Accipitridae,Parabuteo unicinctus,1,native,2020-03-28,U,nativa
3359689555,U5,M7,4,Piciformes,Picidae,Colaptes pitius,1,native,2020-08-28,U,nativa
3359689554,U2,M3,3,Passeriformes,Rhinocryptidae,Pteroptochos megapodius,1,native,2020-02-29,U,nativa
3359689553,U5,M7,5,Charadriiformes,Charadriidae,Vanellus chilensis,2,native,2020-08-28,U,nativa
3359689552,U5,M7,2,Passeriformes,Passerellidae,Zonotrichia capensis,1,native,2020-08-28,U,nativa
3359689551,U5,M7,3,Passeriformes,Icteridae,Leistes loyca,2,native,2020-08-28,U,nativa
3359689550,E5,M1,2,Accipitriformes,Accipitridae,Parabuteo unicinctus,1,native,2019-12-27,E,nativa
3359689549,U5,M7,1,Passeriformes,Icteridae,Curaeus curaeus,3,native,2020-08-28,U,nativa
3359689548,U2,M3,1,Passeriformes,Troglodytidae,Troglodytes aedon,1,native,2020-02-29,U,nativa
3359689547,U2,M3,2,Galliformes,Odontophoridae,Callipepla californica,1,introduced,2020-02-29,U,introducida
3359689546,E5,M1,1,Falconiformes,Falconidae,Falco sparverius,1,native,2019-12-27,E,nativa
3359689545,U6,M4,3,Columbiformes,Columbidae,Zenaida auriculata,4,native,2020-03-28,U,nativa
3359689544,U6,M4,2,Passeriformes,Icteridae,Leistes loyca,1,native,2020-03-28,U,nativa
3359689543,U6,M4,4,Passeriformes,Turdidae,Turdus falcklandii,1,native,2020-03-28,U,nativa
3359689542,U9,M4,3,Passeriformes,Turdidae,Turdus falcklandii,3,native,2020-03-28,U,nativa
3359689541,U9,M4,1,Passeriformes,Thraupidae,Diuca diuca,1,native,2020-03-28,U,nativa
3359689540,U6,M4,1,Passeriformes,Thraupidae,Diuca diuca,1,native,2020-03-28,U,nativa
3359689539,U9,M4,2,Columbiformes,Columbidae,Zenaida auriculata,1,native,2020-03-28,U,nativa
3359689538,U10,M3,6,Columbiformes,Columbidae,Columbina picui,3,native,2020-02-29,U,nativa
3359689537,U10,M3,5,Columbiformes,Columbidae,Zenaida auriculata,5,native,2020-02-29,U,nativa
3359689536,U10,M3,4,Charadriiformes,Charadriidae,Vanellus chilensis,6,native,2020-02-29,U,nativa
3359689535,U10,M3,3,Columbiformes,Columbidae,Columba livia,20,introduced,2020-02-29,U,introducida
3359689534,U10,M3,2,Falconiformes,Falconidae,Milvago chimango,3,native,2020-02-29,U,nativa
3359689533,U10,M3,1,Accipitriformes,Accipitridae,Parabuteo unicinctus,1,native,2020-02-29,U,nativa
3359689532,U2,M4,2,Charadriiformes,Charadriidae,Vanellus chilensis,3,native,2020-03-28,U,nativa
3359689531,U2,M4,3,Passeriformes,Icteridae,Curaeus curaeus,1,native,2020-03-28,U,nativa
3359689530,U5,M6,3,Passeriformes,Turdidae,Turdus falcklandii,2,native,2020-06-01,U,nativa
3359689529,U5,M6,4,Passeriformes,Icteridae,Curaeus curaeus,3,native,2020-06-01,U,nativa
3359689528,U5,M6,1,Piciformes,Picidae,Colaptes pitius,2,native,2020-06-01,U,nativa
3359689527,U5,M6,2,Columbiformes,Columbidae,Zenaida auriculata,1,native,2020-06-01,U,nativa
3359689526,U2,M4,1,Galliformes,Odontophoridae,Callipepla californica,1,introduced,2020-03-28,U,introducida
3359689525,U9,M5,6,Columbiformes,Columbidae,Columbina picui,3,native,2020-05-01,U,nativa
3359689524,U6,M3,4,Passeriformes,Icteridae,Curaeus curaeus,2,native,2020-02-29,U,nativa
3359689523,U6,M3,3,Passeriformes,Turdidae,Turdus falcklandii,1,native,2020-02-29,U,nativa
3359689522,U9,M5,4,Passeriformes,Tyrannidae,Pyrope pyrope,3,native,2020-05-01,U,nativa
3359689521,U9,M5,5,Columbiformes,Columbidae,Zenaida auriculata,5,native,2020-05-01,U,nativa
3359689520,U9,M5,2,Passeriformes,Troglodytidae,Troglodytes aedon,1,native,2020-05-01,U,nativa
3359689519,U9,M5,3,Galliformes,Odontophoridae,Callipepla californica,3,introduced,2020-05-01,U,introducida
3359689518,U6,M3,2,Columbiformes,Columbidae,Columbina picui,1,native,2020-02-29,U,nativa
3359689517,U9,M5,1,Passeriformes,Tyrannidae,Anairetes parulus,1,native,2020-05-01,U,nativa
3359689516,U6,M3,1,Columbiformes,Columbidae,Zenaida auriculata,2,native,2020-02-29,U,nativa
3359689515,U10,M2,3,Columbiformes,Columbidae,Zenaida auriculata,2,native,2020-01-25,U,nativa
3359689514,U10,M2,2,Charadriiformes,Charadriidae,Vanellus chilensis,5,native,2020-01-25,U,nativa
3359689513,U10,M2,1,Columbiformes,Columbidae,Columba livia,24,introduced,2020-01-25,U,introducida
3359689512,U5,M7,6,Passeriformes,Turdidae,Turdus falcklandii,1,native,2020-08-28,U,nativa
3359689511,U2,M1,1,Accipitriformes,Accipitridae,Parabuteo unicinctus,1,native,2019-12-27,U,nativa
3359689510,U2,M1,2,Columbiformes,Columbidae,Zenaida auriculata,2,native,2019-12-27,U,nativa
3359689509,U1,M8,2,Columbiformes,Columbidae,Columbina picui,4,native,2020-10-01,U,nativa
3359689508,U6,M6,1,Galliformes,Odontophoridae,Callipepla californica,1,introduced,2020-06-01,U,introducida
3359689507,U1,M8,1,Galliformes,Odontophoridae,Callipepla californica,1,introduced,2020-10-01,U,introducida
3359689506,U6,M6,3,Passeriformes,Turdidae,Turdus falcklandii,1,native,2020-06-01,U,nativa
3359689505,U1,M8,3,Passeriformes,Rhinocryptidae,Pteroptochos megapodius,1,native,2020-10-01,U,nativa
3359689504,U6,M6,2,Passeriformes,Furnariidae,Aphrastura spinicauda,1,native,2020-06-01,U,nativa
3359689503,U9,M2,2,Passeriformes,Fringillidae,Spinus barbatus,1,native,2020-01-25,U,nativa
3359689502,U9,M2,1,Falconiformes,Falconidae,Falco sparverius,1,native,2020-01-25,U,nativa
3359689501,U9,M2,3,Columbiformes,Columbidae,Columbina picui,1,native,2020-01-25,U,nativa
3359689500,U10,M1,1,Passeriformes,Tyrannidae,Elaenia albiceps,2,native,2019-12-27,U,nativa
3359689499,U4,M4,3,Passeriformes,Icteridae,Leistes loyca,1,native,2020-03-28,U,nativa
3359689498,U4,M4,2,Galliformes,Odontophoridae,Callipepla californica,1,introduced,2020-03-28,U,introducida
3359689497,U4,M4,1,Passeriformes,Troglodytidae,Troglodytes aedon,1,native,2020-03-28,U,nativa
3359689496,U10,M1,3,Passeriformes,Turdidae,Turdus falcklandii,3,native,2019-12-27,U,nativa
3359689495,U4,M4,5,Apodiformes,Trochilidae,Sephanoides sephaniodes,1,native,2020-03-28,U,nativa
3359689494,U1,M7,1,Passeriformes,Troglodytidae,Troglodytes aedon,1,native,2020-08-28,U,nativa
3359689493,U10,M1,2,Columbiformes,Columbidae,Zenaida auriculata,4,native,2019-12-27,U,nativa
3359689492,U4,M4,4,Piciformes,Picidae,Colaptes pitius,1,native,2020-03-28,U,nativa
3359689491,U8,M8,3,Passeriformes,Turdidae,Turdus falcklandii,2,native,2020-10-01,U,nativa
3359689490,E5,M2,1,Passeriformes,Troglodytidae,Troglodytes aedon,2,native,2020-01-25,E,nativa
3359689489,U8,M8,2,Columbiformes,Columbidae,Columbina picui,1,native,2020-10-01,U,nativa
3359689488,U2,M2,1,Passeriformes,Tyrannidae,Elaenia albiceps,2,native,2020-01-25,U,nativa
3359689487,E5,M2,2,Accipitriformes,Accipitridae,Geranoaetus melanoleucus,1,native,2020-01-25,E,nativa
3359689486,N3,M7,1,Strigiformes,Strigidae,Glaucidium nana,1,native,2020-08-28,N,nativa
3359689485,U8,M8,1,Passeriformes,Furnariidae,Aphrastura spinicauda,1,native,2020-10-01,U,nativa
3359689484,U2,M2,2,Columbiformes,Columbidae,Columbina picui,2,native,2020-01-25,U,nativa
3359689483,U1,M7,3,Apodiformes,Trochilidae,Sephanoides sephaniodes,1,native,2020-08-28,U,nativa
3359689482,U6,M5,2,Passeriformes,Passerellidae,Zonotrichia capensis,1,native,2020-05-01,U,nativa
3359689481,U1,M7,2,Passeriformes,Fringillidae,Spinus barbatus,1,native,2020-08-28,U,nativa
3359689480,U6,M5,1,Passeriformes,Tyrannidae,Anairetes parulus,1,native,2020-05-01,U,nativa
3359689479,U1,M7,5,Passeriformes,Tyrannidae,Colorhamphus parvirostris,1,native,2020-08-28,U,nativa
3359689478,U6,M5,4,Passeriformes,Fringillidae,Spinus barbatus,1,native,2020-05-01,U,nativa
3359689477,U1,M7,4,Columbiformes,Columbidae,Zenaida auriculata,1,native,2020-08-28,U,nativa
3359689476,U6,M5,3,Passeriformes,Tyrannidae,Pyrope pyrope,2,native,2020-05-01,U,nativa
3359689475,U1,M7,6,Passeriformes,Turdidae,Turdus falcklandii,1,native,2020-08-28,U,nativa
3359689474,U9,M3,1,Passeriformes,Tyrannidae,Elaenia albiceps,1,native,2020-02-29,U,nativa
3359689473,U9,M3,2,Columbiformes,Columbidae,Columbina picui,1,native,2020-02-29,U,nativa
3359689472,U9,M3,3,Passeriformes,Turdidae,Turdus falcklandii,1,native,2020-02-29,U,nativa
3359689471,U4,M5,2,Columbiformes,Columbidae,Zenaida auriculata,6,native,2020-05-01,U,nativa
3359689470,U4,M5,1,Galliformes,Odontophoridae,Callipepla californica,1,introduced,2020-05-01,U,introducida
3359689469,U1,M6,2,Galliformes,Odontophoridae,Callipepla californica,3,introduced,2020-06-01,U,introducida
3359689468,U1,M6,1,Passeriformes,Icteridae,Curaeus curaeus,1,native,2020-06-01,U,nativa
3359689467,U11,M8,2,Galliformes,Odontophoridae,Callipepla californica,1,introduced,2020-10-01,U,introducida
3359689466,U11,M8,3,Passeriformes,Tyrannidae,Elaenia albiceps,1,native,2020-10-01,U,nativa
3359689465,U11,M8,1,Passeriformes,Passerellidae,Zonotrichia capensis,1,native,2020-10-01,U,nativa
3359689464,U8,M7,6,Passeriformes,Turdidae,Turdus falcklandii,1,native,2020-08-28,U,nativa
3359689463,U8,M7,5,Columbiformes,Columbidae,Columbina picui,1,native,2020-08-28,U,nativa
3359689462,U8,M7,4,Charadriiformes,Charadriidae,Vanellus chilensis,2,native,2020-08-28,U,nativa
3359689461,N3,M8,1,Strigiformes,Strigidae,Bubo magellanicus,1,native,2020-10-01,N,nativa
3359689460,U8,M7,3,Piciformes,Picidae,Colaptes pitius,1,native,2020-08-28,U,nativa
3359689459,U8,M7,2,Passeriformes,Passerellidae,Zonotrichia capensis,1,native,2020-08-28,U,nativa
3359689458,U8,M7,1,Accipitriformes,Accipitridae,Parabuteo unicinctus,1,native,2020-08-28,U,nativa
3359689457,U1,M6,3,Passeriformes,Tyrannidae,Pyrope pyrope,2,native,2020-06-01,U,nativa
3359689456,U6,M8,1,Passeriformes,Icteridae,Curaeus curaeus,1,native,2020-10-01,U,nativa
3359689455,U6,M8,3,Columbiformes,Columbidae,Columbina picui,1,native,2020-10-01,U,nativa
3359689454,U6,M8,2,Passeriformes,Hirundinidae,Tachycineta leucopyga,1,native,2020-10-01,U,nativa
3359689453,U6,M8,4,Passeriformes,Turdidae,Turdus falcklandii,1,native,2020-10-01,U,nativa
3359689452,U7,M1,2,Passeriformes,Fringillidae,Spinus barbatus,1,native,2019-12-27,U,nativa
3359689451,U7,M1,3,Columbiformes,Columbidae,Zenaida auriculata,4,native,2019-12-27,U,nativa
3359689450,U7,M1,4,Passeriformes,Turdidae,Turdus falcklandii,1,native,2019-12-27,U,nativa
3359689449,U7,M1,1,Passeriformes,Tyrannidae,Elaenia albiceps,1,native,2019-12-27,U,nativa
3359689448,U4,M6,1,Passeriformes,Tyrannidae,Anairetes parulus,1,native,2020-06-01,U,nativa
3359689447,U1,M5,1,Passeriformes,Icteridae,Curaeus curaeus,6,native,2020-05-01,U,nativa
3359689446,U4,M6,3,Passeriformes,Turdidae,Turdus falcklandii,1,native,2020-06-01,U,nativa
3359689445,U1,M5,3,Piciformes,Picidae,Colaptes pitius,2,native,2020-05-01,U,nativa
3359689444,U4,M6,2,Passeriformes,Troglodytidae,Troglodytes aedon,1,native,2020-06-01,U,nativa
3359689443,U1,M5,2,Passeriformes,Passerellidae,Zonotrichia capensis,3,native,2020-05-01,U,nativa
3359689442,U8,M6,6,Passeriformes,Icteridae,Curaeus curaeus,7,native,2020-06-01,U,nativa
3359689441,U8,M6,5,Passeriformes,Turdidae,Turdus falcklandii,2,native,2020-06-01,U,nativa
3359689440,U8,M6,4,Columbiformes,Columbidae,Columbina picui,1,native,2020-06-01,U,nativa
3359689439,U8,M6,3,Columbiformes,Columbidae,Zenaida auriculata,1,native,2020-06-01,U,nativa
3359689438,U8,M6,2,Apodiformes,Trochilidae,Sephanoides sephaniodes,1,native,2020-06-01,U,nativa
3359689437,U8,M6,1,Passeriformes,Icteridae,Leistes loyca,2,native,2020-06-01,U,nativa
3359689436,U4,M7,7,Columbiformes,Columbidae,Patagioenas araucana,1,native,2020-08-28,U,nativa
3359689435,U1,M5,4,Passeriformes,Thraupidae,Rhopospina fruticeti,12,native,2020-05-01,U,nativa
3359689434,U4,M7,6,Apodiformes,Trochilidae,Sephanoides sephaniodes,3,native,2020-08-28,U,nativa
3359689433,U6,M7,2,Passeriformes,Troglodytidae,Troglodytes aedon,1,native,2020-08-28,U,nativa
3359689432,U4,M7,5,Passeriformes,Fringillidae,Spinus barbatus,1,native,2020-08-28,U,nativa
3359689431,U6,M7,1,Passeriformes,Icteridae,Curaeus curaeus,2,native,2020-08-28,U,nativa
3359689430,U6,M7,4,Charadriiformes,Charadriidae,Vanellus chilensis,3,native,2020-08-28,U,nativa
3359689429,U6,M7,3,Apodiformes,Trochilidae,Sephanoides sephaniodes,1,native,2020-08-28,U,nativa
3359689428,U6,M7,5,Passeriformes,Mimidae,Mimus thenca,1,native,2020-08-28,U,nativa
3359689427,U9,M1,2,Passeriformes,Turdidae,Turdus falcklandii,3,native,2019-12-27,U,nativa
3359689426,U9,M1,1,Passeriformes,Tyrannidae,Elaenia albiceps,2,native,2019-12-27,U,nativa
3359689425,U7,M2,1,Strigiformes,Strigidae,Glaucidium nana,1,native,2020-01-25,U,nativa
3359689424,U7,M2,2,Falconiformes,Falconidae,Milvago chimango,1,native,2020-01-25,U,nativa
3359689423,U7,M2,3,Passeriformes,Tyrannidae,Elaenia albiceps,2,native,2020-01-25,U,nativa
3359689422,U7,M2,4,Columbiformes,Columbidae,Zenaida auriculata,1,native,2020-01-25,U,nativa
3359689421,U7,M2,5,Columbiformes,Columbidae,Columbina picui,1,native,2020-01-25,U,nativa
3359689420,U4,M7,4,Passeriformes,Thraupidae,Phrygilus gayi,1,native,2020-08-28,U,nativa
3359689419,U1,M4,2,Accipitriformes,Accipitridae,Geranoaetus melanoleucus,1,native,2020-03-28,U,nativa
3359689418,U7,M2,6,Passeriformes,Turdidae,Turdus falcklandii,2,native,2020-01-25,U,nativa
3359689417,U4,M7,3,Passeriformes,Passerellidae,Zonotrichia capensis,1,native,2020-08-28,U,nativa
3359689416,U1,M4,1,Piciformes,Picidae,Veniliornis lignarius,1,native,2020-03-28,U,nativa
3359689415,U4,M7,2,Passeriformes,Icteridae,Curaeus curaeus,3,native,2020-08-28,U,nativa
3359689414,U1,M4,4,Galliformes,Odontophoridae,Callipepla californica,14,introduced,2020-03-28,U,introducida
3359689413,U4,M7,1,Falconiformes,Falconidae,Milvago chimango,1,native,2020-08-28,U,nativa
3359689412,U1,M4,3,Passeriformes,Icteridae,Curaeus curaeus,1,native,2020-03-28,U,nativa
3359689411,U5,M1,4,Piciformes,Picidae,Colaptes pitius,2,native,2019-12-27,U,nativa
3359689410,U8,M5,3,Passeriformes,Icteridae,Curaeus curaeus,8,native,2020-05-01,U,nativa
3359689409,U5,M1,5,Passeriformes,Turdidae,Turdus falcklandii,4,native,2019-12-27,U,nativa
3359689408,U8,M5,2,Columbiformes,Columbidae,Zenaida auriculata,2,native,2020-05-01,U,nativa
3359689407,U5,M1,2,Passeriformes,Tyrannidae,Elaenia albiceps,3,native,2019-12-27,U,nativa
3359689406,U8,M5,1,Passeriformes,Tyrannidae,Pyrope pyrope,1,native,2020-05-01,U,nativa
3359689405,U5,M1,3,Passeriformes,Fringillidae,Spinus barbatus,1,native,2019-12-27,U,nativa
3359689404,U5,M1,1,Galliformes,Odontophoridae,Callipepla californica,2,introduced,2019-12-27,U,introducida
3359689403,U1,M4,6,Piciformes,Picidae,Colaptes pitius,1,native,2020-03-28,U,nativa
3359689402,U1,M4,5,Apodiformes,Trochilidae,Sephanoides sephaniodes,1,native,2020-03-28,U,nativa
3359689401,U1,M4,8,Passeriformes,Turdidae,Turdus falcklandii,1,native,2020-03-28,U,nativa
3359689400,U1,M4,7,Columbiformes,Columbidae,Zenaida auriculata,3,native,2020-03-28,U,nativa
3359689399,U3,M6,1,Passeriformes,Troglodytidae,Troglodytes aedon,2,native,2020-06-01,U,nativa
3359689398,U3,M6,2,Piciformes,Picidae,Colaptes pitius,1,native,2020-06-01,U,nativa
3359689397,U3,M6,3,Passeriformes,Furnariidae,Aphrastura spinicauda,1,native,2020-06-01,U,nativa
3359689396,U3,M6,4,Passeriformes,Rhinocryptidae,Pteroptochos megapodius,1,native,2020-06-01,U,nativa
3359689395,E3,M4,2,Accipitriformes,Accipitridae,Geranoaetus melanoleucus,1,native,2020-03-28,E,nativa
3359689394,E3,M4,1,Passeriformes,Fringillidae,Spinus barbatus,1,native,2020-03-28,E,nativa
3359689393,U7,M3,1,Passeriformes,Troglodytidae,Troglodytes aedon,1,native,2020-02-29,U,nativa
3359689392,U7,M3,2,Galliformes,Odontophoridae,Callipepla californica,1,introduced,2020-02-29,U,introducida
3359689391,U7,M3,3,Passeriformes,Turdidae,Turdus falcklandii,1,native,2020-02-29,U,nativa
3359689390,U1,M3,1,Passeriformes,Furnariidae,Pseudasthenes humicola,1,native,2020-02-29,U,nativa
3359689389,U7,M3,4,Passeriformes,Icteridae,Curaeus curaeus,3,native,2020-02-29,U,nativa
3359689388,U1,M3,3,Galliformes,Odontophoridae,Callipepla californica,2,introduced,2020-02-29,U,introducida
3359689387,U1,M3,2,Piciformes,Picidae,Veniliornis lignarius,1,native,2020-02-29,U,nativa
3359689386,U1,M3,5,Accipitriformes,Accipitridae,Geranoaetus melanoleucus,3,native,2020-02-29,U,nativa
3359689385,U1,M3,4,Passeriformes,Icteridae,Leistes loyca,2,native,2020-02-29,U,nativa
3359689384,U11,M5,1,Passeriformes,Icteridae,Curaeus curaeus,4,native,2020-05-01,U,nativa
3359689383,U11,M5,2,Passeriformes,Passerellidae,Zonotrichia capensis,2,native,2020-05-01,U,nativa
3359689382,U11,M5,3,Passeriformes,Tyrannidae,Pyrope pyrope,1,native,2020-05-01,U,nativa
3359689381,U11,M5,4,Passeriformes,Turdidae,Turdus falcklandii,2,native,2020-05-01,U,nativa
3359689380,U8,M4,6,Charadriiformes,Charadriidae,Vanellus chilensis,1,native,2020-03-28,U,nativa
3359689379,U8,M4,5,Piciformes,Picidae,Colaptes pitius,1,native,2020-03-28,U,nativa
3359689378,U8,M4,4,Passeriformes,Icteridae,Leistes loyca,1,native,2020-03-28,U,nativa
3359689377,U8,M4,3,Galliformes,Odontophoridae,Callipepla californica,1,introduced,2020-03-28,U,introducida
3359689376,U8,M4,2,Passeriformes,Passerellidae,Zonotrichia capensis,2,native,2020-03-28,U,nativa
3359689375,U8,M4,1,Accipitriformes,Accipitridae,Parabuteo unicinctus,1,native,2020-03-28,U,nativa
3359689374,U3,M5,1,Passeriformes,Tyrannidae,Anairetes parulus,1,native,2020-05-01,U,nativa
3359689373,U3,M5,2,Passeriformes,Troglodytidae,Troglodytes aedon,1,native,2020-05-01,U,nativa
3359689372,U3,M5,3,Piciformes,Picidae,Colaptes pitius,1,native,2020-05-01,U,nativa
3359689371,U3,M5,4,Columbiformes,Columbidae,Columbina picui,1,native,2020-05-01,U,nativa
3359689370,E3,M3,2,Accipitriformes,Accipitridae,Geranoaetus melanoleucus,2,native,2020-02-29,E,nativa
3359689369,E3,M3,1,Galliformes,Odontophoridae,Callipepla californica,1,introduced,2020-02-29,E,introducida
3359689368,U7,M4,1,Charadriiformes,Charadriidae,Vanellus chilensis,1,native,2020-03-28,U,nativa
3359689367,U7,M4,2,Passeriformes,Icteridae,Curaeus curaeus,5,native,2020-03-28,U,nativa
3359689366,U4,M1,2,Passeriformes,Tyrannidae,Elaenia albiceps,6,native,2019-12-27,U,nativa
3359689365,U4,M1,1,Galliformes,Odontophoridae,Callipepla californica,2,introduced,2019-12-27,U,introducida
3359689364,E6,M2,1,Passeriformes,Troglodytidae,Troglodytes aedon,1,native,2020-01-25,E,nativa
3359689363,U4,M1,5,Passeriformes,Turdidae,Turdus falcklandii,1,native,2019-12-27,U,nativa
3359689362,U4,M1,4,Columbiformes,Columbidae,Zenaida auriculata,4,native,2019-12-27,U,nativa
3359689361,U1,M2,2,Piciformes,Picidae,Colaptes pitius,1,native,2020-01-25,U,nativa
3359689360,E6,M2,3,Accipitriformes,Accipitridae,Parabuteo unicinctus,1,native,2020-01-25,E,nativa
3359689359,U4,M1,3,Piciformes,Picidae,Colaptes pitius,1,native,2019-12-27,U,nativa
3359689358,U1,M2,1,Passeriformes,Tyrannidae,Elaenia albiceps,1,native,2020-01-25,U,nativa
3359689357,E6,M2,2,Accipitriformes,Accipitridae,Geranoaetus polyosoma,1,native,2020-01-25,E,nativa
3359689356,N2,M8,1,Strigiformes,Strigidae,Bubo magellanicus,1,native,2020-10-01,N,nativa
3359689355,N2,M8,2,Strigiformes,Strigidae,Glaucidium nana,1,native,2020-10-01,N,nativa
3359689354,U11,M8,4,Columbiformes,Columbidae,Columbina picui,1,native,2020-10-01,U,nativa
3359689353,E1,M8,2,Passeriformes,Rhinocryptidae,Pteroptochos megapodius,1,native,2020-10-01,E,nativa
3359689352,U8,M3,7,Passeriformes,Icteridae,Curaeus curaeus,3,native,2020-02-29,U,nativa
3359689351,E1,M8,1,Passeriformes,Rhinocryptidae,Pteroptochos megapodius,1,native,2020-10-01,E,nativa
3359689350,U8,M3,6,Passeriformes,Turdidae,Turdus falcklandii,1,native,2020-02-29,U,nativa
3359689349,E1,M8,4,Accipitriformes,Accipitridae,Geranoaetus polyosoma,1,native,2020-10-01,E,nativa
3359689348,U8,M3,5,Columbiformes,Columbidae,Columbina picui,5,native,2020-02-29,U,nativa
3359689347,E1,M8,3,Accipitriformes,Accipitridae,Geranoaetus melanoleucus,4,native,2020-10-01,E,nativa
3359689346,U8,M3,4,Columbiformes,Columbidae,Zenaida meloda,1,native,2020-02-29,U,nativa
3359689345,U8,M3,3,Passeriformes,Thraupidae,Diuca diuca,7,native,2020-02-29,U,nativa
3359689344,U8,M3,2,Passeriformes,Troglodytidae,Troglodytes aedon,1,native,2020-02-29,U,nativa
3359689343,U8,M3,1,Accipitriformes,Accipitridae,Parabuteo unicinctus,1,native,2020-02-29,U,nativa
3359689342,U3,M8,1,Galliformes,Odontophoridae,Callipepla californica,1,introduced,2020-10-01,U,introducida
3359689341,U3,M8,2,Piciformes,Picidae,Colaptes pitius,1,native,2020-10-01,U,nativa
3359689340,E3,M2,4,Accipitriformes,Cathartidae,Vultur gryphus,1,native,2020-01-25,E,nativa
3359689339,E3,M2,3,Passeriformes,Troglodytidae,Troglodytes aedon,1,native,2020-01-25,E,nativa
3359689338,E3,M2,2,Passeriformes,Troglodytidae,Troglodytes aedon,1,native,2020-01-25,E,nativa
3359689337,E3,M2,1,Falconiformes,Falconidae,Falco sparverius,1,native,2020-01-25,E,nativa
3359689336,U4,M2,1,Galliformes,Odontophoridae,Callipepla californica,1,introduced,2020-01-25,U,introducida
3359689335,E6,M3,3,Accipitriformes,Accipitridae,Parabuteo unicinctus,1,native,2020-02-29,E,nativa
3359689334,U1,M1,1,Piciformes,Picidae,Veniliornis lignarius,1,native,2019-12-27,U,nativa
3359689333,U4,M2,3,Passeriformes,Turdidae,Turdus falcklandii,3,native,2020-01-25,U,nativa
3359689332,U1,M1,3,Passeriformes,Icteridae,Curaeus curaeus,1,native,2019-12-27,U,nativa
3359689331,E6,M3,2,Passeriformes,Troglodytidae,Troglodytes aedon,1,native,2020-02-29,E,nativa
3359689330,U4,M2,2,Passeriformes,Tyrannidae,Elaenia albiceps,1,native,2020-01-25,U,nativa
3359689329,U1,M1,2,Passeriformes,Tyrannidae,Elaenia albiceps,4,native,2019-12-27,U,nativa
3359689328,E6,M3,1,Galliformes,Odontophoridae,Callipepla californica,1,introduced,2020-02-29,E,introducida
3359689327,U1,M1,5,Columbiformes,Columbidae,Zenaida auriculata,1,native,2019-12-27,U,nativa
3359689326,U1,M1,4,Passeriformes,Turdidae,Turdus falcklandii,1,native,2019-12-27,U,nativa
3359689325,U11,M7,3,Passeriformes,Furnariidae,Aphrastura spinicauda,1,native,2020-08-28,U,nativa
3359689324,U11,M7,4,Passeriformes,Rhinocryptidae,Pteroptochos megapodius,1,native,2020-08-28,U,nativa
3359689323,U11,M7,1,Apodiformes,Trochilidae,Sephanoides sephaniodes,1,native,2020-08-28,U,nativa
3359689322,U11,M7,2,Charadriiformes,Charadriidae,Vanellus chilensis,1,native,2020-08-28,U,nativa
3359689321,N3,M5,1,Strigiformes,Strigidae,Glaucidium nana,2,native,2020-05-01,N,nativa
3359689320,U8,M2,3,Passeriformes,Turdidae,Turdus falcklandii,4,native,2020-01-25,U,nativa
3359689319,U8,M2,2,Columbiformes,Columbidae,Zenaida auriculata,1,native,2020-01-25,U,nativa
3359689318,U8,M2,1,Charadriiformes,Charadriidae,Vanellus chilensis,1,native,2020-01-25,U,nativa
3359689317,U3,M7,1,Passeriformes,Icteridae,Curaeus curaeus,2,native,2020-08-28,U,nativa
3359689316,U3,M7,2,Passeriformes,Troglodytidae,Troglodytes aedon,1,native,2020-08-28,U,nativa
3359689315,U3,M7,3,Passeriformes,Passerellidae,Zonotrichia capensis,2,native,2020-08-28,U,nativa
3359689314,E6,M4,6,Falconiformes,Falconidae,Milvago chimango,6,native,2020-03-28,E,nativa
3359689313,E6,M4,3,Passeriformes,Fringillidae,Spinus barbatus,1,native,2020-03-28,E,nativa
3359689312,E6,M4,2,Passeriformes,Fringillidae,Spinus barbatus,2,native,2020-03-28,E,nativa
3359689311,E6,M4,5,Accipitriformes,Accipitridae,Parabuteo unicinctus,1,native,2020-03-28,E,nativa
3359689310,E6,M4,4,Passeriformes,Fringillidae,Spinus barbatus,2,native,2020-03-28,E,nativa
3359689309,U4,M3,2,Passeriformes,Icteridae,Curaeus curaeus,3,native,2020-02-29,U,nativa
3359689308,E6,M4,1,Passeriformes,Fringillidae,Spinus barbatus,2,native,2020-03-28,E,nativa
3359689307,U4,M3,1,Columbiformes,Columbidae,Columbina picui,3,native,2020-02-29,U,nativa
3359689306,E3,M1,1,Accipitriformes,Cathartidae,Vultur gryphus,1,native,2019-12-27,E,nativa
3359689305,U11,M6,1,Passeriformes,Icteridae,Leistes loyca,1,native,2020-06-01,U,nativa
3359689304,U11,M6,4,Columbiformes,Columbidae,Columbina picui,1,native,2020-06-01,U,nativa
3359689303,U11,M6,5,Passeriformes,Turdidae,Turdus falcklandii,1,native,2020-06-01,U,nativa
3359689302,U11,M6,2,Piciformes,Picidae,Colaptes pitius,1,native,2020-06-01,U,nativa
3359689301,U11,M6,3,Charadriiformes,Charadriidae,Vanellus chilensis,1,native,2020-06-01,U,nativa
